<?xml version="1.0" encoding="UTF-8"?>
<project xmlns="http://maven.apache.org/POM/4.0.0" xmlns:xsi="http://www.w3.org/2001/XMLSchema-instance" xsi:schemaLocation="http://maven.apache.org/POM/4.0.0 http://maven.apache.org/maven-v4_0_0.xsd">
  <modelVersion>4.0.0</modelVersion>
  <groupId>com.codeaffine.machine.status</groupId>
  <artifactId>reporter</artifactId>
  <name>reporter</name>
  <version>0.0.1-SNAPSHOT</version>
  <url>http://maven.apache.org</url>
  <build>
    <plugins>
      <plugin>
        <artifactId>maven-compiler-plugin</artifactId>
        <version>${maven-compiler-plugin.version}</version>
        <configuration>
          <source>1.8</source>
          <target>1.8</target>
        </configuration>
      </plugin>
      <plugin>
        <artifactId>maven-shade-plugin</artifactId>
        <version>${maven-shade-plugin.version}</version>
        <executions>
          <execution>
            <phase>package</phase>
            <goals>
              <goal>shade</goal>
            </goals>
            <configuration>
              <transformers>
                <transformer />
                <transformer>
                  <mainClass>com.codeaffine.machine.status.reporter.MachineStatusReporter</mainClass>
                </transformer>
              </transformers>
            </configuration>
          </execution>
        </executions>
        <configuration>
          <createDependencyReducedPom>true</createDependencyReducedPom>
          <filters>
            <filter>
              <artifact>*:*</artifact>
              <excludes>
                <exclude>META-INF/*.SF</exclude>
                <exclude>META-INF/*.DSA</exclude>
                <exclude>META-INF/*.RSA</exclude>
              </excludes>
            </filter>
          </filters>
        </configuration>
      </plugin>
      <plugin>
        <artifactId>maven-jar-plugin</artifactId>
        <version>${maven-jar-plugin.version}</version>
        <configuration>
          <archive>
            <manifest>
              <addDefaultImplementationEntries>true</addDefaultImplementationEntries>
            </manifest>
          </archive>
        </configuration>
      </plugin>
    </plugins>
  </build>
  <dependencies>
    <dependency>
      <groupId>junit</groupId>
      <artifactId>junit</artifactId>
      <version>4.12</version>
      <scope>test</scope>
      <exclusions>
        <exclusion>
          <artifactId>hamcrest-core</artifactId>
          <groupId>org.hamcrest</groupId>
        </exclusion>
      </exclusions>
    </dependency>
  </dependencies>
  <properties>
    <dropwizard.version>0.9.2</dropwizard.version>
    <maven-jar-plugin.version>2.4</maven-jar-plugin.version>
    <maven-compiler-plugin.version>3.3</maven-compiler-plugin.version>
    <jna-platform.version>4.2.1</jna-platform.version>
    <maven-shade-plugin.version>2.3</maven-shade-plugin.version>
    <jna.version>4.2.1</jna.version>
    <project.build.sourceEncoding>UTF-8</project.build.sourceEncoding>
    <junit.version>4.12</junit.version>
  </properties>
</project>

